{"backedUpFiles":["/sdcard/FIRST/blocks/mecanum-drive-sample.blk","/sdcard/FIRST/blocks/mecanum-drive-sample.js","/sdcard/FIRST/blocks/the opps .blk","/sdcard/FIRST/blocks/the opps .js","/sdcard/FIRST/blocks/testing.blk","/sdcard/FIRST/blocks/testing.js","/sdcard/FIRST/blocks/testingJoysticks.blk","/sdcard/FIRST/blocks/testingJoysticks.js","/sdcard/FIRST/blocks/sensor test.blk","/sdcard/FIRST/blocks/sensor test.js","/sdcard/FIRST/blocks/mechanim testing.blk","/sdcard/FIRST/blocks/mechanim testing.js","/sdcard/FIRST/blocks/sideways moving test.blk","/sdcard/FIRST/blocks/sideways moving test.js","/sdcard/FIRST/blocks/g and c code.blk","/sdcard/FIRST/blocks/g and c code.js","/sdcard/FIRST/blocks/lineFollowAuto.blk","/sdcard/FIRST/blocks/lineFollowAuto.js","/sdcard/FIRST/blocks/mecanum-drive-sample-line follow.blk","/sdcard/FIRST/blocks/mecanum-drive-sample-line follow.js","/sdcard/FIRST/Terrabite.xml"],"deviceName":"Control Hub 20681-RC","modifiedTimes":[{"fileName":"/sdcard/FIRST/blocks/mecanum-drive-sample.js","time":"Wed Oct  2 22:08:35 PDT 2024"},{"fileName":"/sdcard/FIRST/blocks/mecanum-drive-sample.blk","time":"Fri Jan 10 14:37:28 PST 2025"},{"fileName":"/sdcard/FIRST/blocks/testing.blk","time":"Fri Jan 10 14:37:31 PST 2025"},{"fileName":"/sdcard/FIRST/blocks/the opps .blk","time":"date: Can't stat /sdcard/FIRST/blocks/the: No such file or directory"},{"fileName":"/sdcard/FIRST/blocks/testing.js","time":"Mon Jul 22 13:51:31 PDT 2024"},{"fileName":"/sdcard/FIRST/blocks/the opps .js","time":"date: Can't stat /sdcard/FIRST/blocks/the: No such file or directory"},{"fileName":"/sdcard/FIRST/blocks/sensor test.js","time":"date: Can't stat /sdcard/FIRST/blocks/sensor: No such file or directory"},{"fileName":"/sdcard/FIRST/blocks/sensor test.blk","time":"date: Can't stat /sdcard/FIRST/blocks/sensor: No such file or directory"},{"fileName":"/sdcard/FIRST/blocks/testingJoysticks.js","time":"Tue Jul 23 15:42:46 PDT 2024"},{"fileName":"/sdcard/FIRST/blocks/testingJoysticks.blk","time":"Fri Jan 10 14:37:30 PST 2025"},{"fileName":"/sdcard/FIRST/blocks/mechanim testing.blk","time":"date: Can't stat /sdcard/FIRST/blocks/mechanim: No such file or directory"},{"fileName":"/sdcard/FIRST/blocks/sideways moving test.js","time":"date: Can't stat /sdcard/FIRST/blocks/sideways: No such file or directory"},{"fileName":"/sdcard/FIRST/blocks/sideways moving test.blk","time":"date: Can't stat /sdcard/FIRST/blocks/sideways: No such file or directory"},{"fileName":"/sdcard/FIRST/blocks/mechanim testing.js","time":"date: Can't stat /sdcard/FIRST/blocks/mechanim: No such file or directory"},{"fileName":"/sdcard/FIRST/blocks/g and c code.blk","time":"date: Can't stat /sdcard/FIRST/blocks/g: No such file or directory"},{"fileName":"/sdcard/FIRST/blocks/g and c code.js","time":"date: Can't stat /sdcard/FIRST/blocks/g: No such file or directory"},{"fileName":"/sdcard/FIRST/blocks/lineFollowAuto.js","time":"Thu Jul 25 10:58:57 PDT 2024"},{"fileName":"/sdcard/FIRST/blocks/lineFollowAuto.blk","time":"Fri Jan 10 14:37:29 PST 2025"},{"fileName":"/sdcard/FIRST/blocks/mecanum-drive-sample-line follow.blk","time":"date: Can't stat /sdcard/FIRST/blocks/mecanum-drive-sample-line: No such file or directory"},{"fileName":"/sdcard/FIRST/blocks/mecanum-drive-sample-line follow.js","time":"date: Can't stat /sdcard/FIRST/blocks/mecanum-drive-sample-line: No such file or directory"},{"fileName":"/sdcard/FIRST/Terrabite.xml","time":"Mon Jan 20 12:21:58 PST 2025"}]}